-- Member
INSERT INTO  member
VALUES
('US000001', 'password01', '홍길동', '010-1234-5678', '1990-01-01', '서울시 강남구', 'M', 'user01@email.com', '일반'),
('US000002', 'password02', '이순신', '010-2345-6789', '1980-02-02', '서울시 서초구', 'M', 'user02@email.com', '친구'),
('US000003', 'password03', '김유신', '010-3456-7890', '1970-03-03', '서울시 용산구', 'M', 'user03@email.com', '가족'),
('US000004', 'password04', '안중근', '010-4567-8901', '1960-04-04', '서울시 동대문구', 'M', 'user04@email.com', 'VIP'),
('US000005', 'password05', '윤봉길', '010-5678-9012', '1950-05-05', '서울시 서대문구', 'M', 'user05@email.com', '일반'),
('US000006', 'password06', '강감찬', '010-6789-0123', '1940-06-06', '서울시 종로구', 'M', 'user06@email.com', '친구'),
('US000007', 'password07', '세종대왕', '010-7890-1234', '1930-07-07', '서울시 중구', 'M', 'user07@email.com', '가족'),
('US000008', 'password08', '신사임당', '010-8901-2345', '1920-08-08', '서울시 영등포구', 'F', 'user08@email.com', 'VIP'),
('US000009', 'password09', '허준', '010-9012-3456', '1910-09-09', '서울시 마포구', 'M', 'user09@email.com', '일반'),
('US000010', 'password10', '유관순', '010-0123-4567', '1900-10-10', '서울시 강동구', 'F', 'user10@email.com', '친구'),
('US000011', 'password11', '김철수', '010-1234-1111', '1991-01-11', '서울시 강서구', 'M', 'user11@email.com', '일반'),
('US000012', 'password12', '이영희', '010-2345-1112', '1981-02-12', '서울시 양천구', 'F', 'user12@email.com', '친구'),
('US000013', 'password13', '박지성', '010-3456-1113', '1992-03-13', '서울시 구로구', 'M', 'user13@email.com', '가족'),
('US000014', 'password14', '최민석', '010-4567-1114', '1993-04-14', '서울시 금천구', 'M', 'user14@email.com', 'VIP'),
('US000015', 'password15', '정효진', '010-5678-1115', '1994-05-15', '서울시 동작구', 'F', 'user15@email.com', '일반'),
('US000016', 'password16', '김미나', '010-6789-1116', '1995-06-16', '서울시 관악구', 'F', 'user16@email.com', '친구'),
('US000017', 'password17', '이현우', '010-7890-1117', '1996-07-17', '서울시 서초구', 'M', 'user17@email.com', '가족'),
('US000018', 'password18', '박서준', '010-8901-1118', '1997-08-18', '서울시 강남구', 'M', 'user18@email.com', 'VIP'),
('US000019', 'password19', '정유미', '010-9012-1119', '1998-09-19', '서울시 송파구', 'F', 'user19@email.com', '일반'),
('US000020', 'password20', '김고은', '010-0123-1120', '1999-10-20', '서울시 강동구', 'F', 'user20@email.com', '친구'),
('US000021', 'password21', '이병헌', '010-1234-1121', '1985-11-21', '서울시 도봉구', 'M', 'user21@email.com', '가족'),
('US000022', 'password22', '손예진', '010-2345-1122', '1986-12-22', '서울시 노원구', 'F', 'user22@email.com', 'VIP'),
('US000023', 'password23', '하정우', '010-3456-1123', '1987-01-23', '서울시 은평구', 'M', 'user23@email.com', '일반'),
('US000024', 'password24', '전지현', '010-4567-1124', '1988-02-24', '서울시 서대문구', 'F', 'user24@email.com', '친구'),
('US000025', 'password25', '강동원', '010-5678-1125', '1989-03-25', '서울시 마포구', 'M', 'user25@email.com', '가족'),
('US000026', 'password26', '배수지', '010-6789-1126', '1990-04-26', '서울시 양천구', 'F', 'user26@email.com', 'VIP'),
('US000027', 'password27', '조정석', '010-7890-1127', '1991-05-27', '서울시 강서구', 'M', 'user27@email.com', '일반'),
('US000028', 'password28', '이성경', '010-8901-1128', '1992-06-28', '서울시 구로구', 'F', 'user28@email.com', '친구'),
('US000029', 'password29', '유아인', '010-9012-1129', '1993-07-29', '서울시 금천구', 'M', 'user29@email.com', '가족'),
('US000030', 'password30', '한지민', '010-0123-1130', '1994-08-30', '서울시 영등포구', 'F', 'user30@email.com', 'VIP');

-- pet
INSERT INTO pet
VALUES	
('PE001', '고양이'),
('PE002', '강아지'),
('PE003', '토끼'),
('PE004', '햄스터'),
('PE005', '고슴도치'),
('PE006', '파충류'),
('PE007', '조류'); 

-- category 
INSERT INTO category VALUES
('CA001', '간식'),           
('CA002', '위생'),
('CA003', '잡화'),
('CA004', '미용'),
('CA005', '패션'),
('CA006', '하우스');

-- product
INSERT INTO Product VALUES
('P0001', 'CA001', 'PE001', '간식1', 'https://your-aws-bucket-url/image1.jpg', '고양이 간식 1입니다.', 5000, 4500, 'N', SYSDATE() + INTERVAL 2 DAY),
('P0002', 'CA002', 'PE002', '위생용품1', 'https://your-aws-bucket-url/image2.jpg', '강아지 위생용품 1입니다.', 8000, 7000, 'N', SYSDATE() - INTERVAL 1 MONTH),
('P0003', 'CA003', 'PE003', '잡화1', 'https://your-aws-bucket-url/image3.jpg', '토끼를 위한 잡화 1입니다.', 6000, 5500, 'N', SYSDATE() + INTERVAL 10 DAY),
('P0005', 'CA005', 'PE005', '패션1', 'https://your-aws-bucket-url/image5.jpg', '고슴도치를 위한 패션 1입니다.', 9000, 8000, 'N', SYSDATE() - INTERVAL 13 DAY),
('P0006', 'CA001', 'PE006', '간식2', 'https://your-aws-bucket-url/image6.jpg', '파충류 간식 2입니다.', 5200, 4800, 'N', SYSDATE() - INTERVAL 19 DAY),
('P0007', 'CA002', 'PE007', '위생용품2', 'https://your-aws-bucket-url/image7.jpg', '조류 위생용품 2입니다.', 8200, 7200, 'N', SYSDATE() + INTERVAL 2 MONTH),
('P0008', 'CA005', 'PE005', '패션95', 'https://your-aws-bucket-url/image95.jpg', '고슴도치를 위한 패션 95입니다.', 9500, 8500, 'N', SYSDATE() - INTERVAL 2 YEAR),
('P0009', 'CA006', 'PE006', '하우스96', 'https://your-aws-bucket-url/image96.jpg', '파충류를 위한 하우스 96입니다.', 12000, 11000, 'N', SYSDATE() + INTERVAL 15 DAY),
('P0010', 'CA001', 'PE007', '간식97', 'https://your-aws-bucket-url/image97.jpg', '조류 간식 97입니다.', 5300, 4900, 'N', SYSDATE() + INTERVAL 60 DAY),
('P0011', 'CA002', 'PE001', '위생용품98', 'https://your-aws-bucket-url/image98.jpg', '고양이 위생용품 98입니다.', 8400, 7400, 'N', SYSDATE() + INTERVAL 23 DAY),
('P0012', 'CA003', 'PE002', '잡화99', 'https://your-aws-bucket-url/image99.jpg', '강아지를 위한 잡화 99입니다.', 6300, 5800, 'N', SYSDATE() + INTERVAL 2 DAY),
('P0013', 'CA004', 'PE003', '미용용품100', 'https://your-aws-bucket-url/image100.jpg', '토끼 미용용품 100입니다.', 7600, 6900, 'N', SYSDATE() + INTERVAL 3 MONTH);


-- adandonedanimal
INSERT INTO	abandonedanimal VALUES 	
('AB00001', 'PE001', '2024-01-01', '2024-02-01', '뽀뽀', '질병없음', 'Y', 9),
('AB00002', 'PE001', '2024-01-01', '2024-02-01', 'tesd', '허피스', 'Y', 2),
('AB00003', 'PE001', '2024-01-02', '2024-02-02', 'teasdfs', '질병없음', 'Y', 1),
('AB00004', 'PE002', '2024-01-02', '2024-02-02', 'tesa', '질병없음', 'N', 5),
('AB00005', 'PE001', '2024-01-02', '2024-02-02', '초코', '피부병', 'N', 4),
('AB00006', 'PE002', '2024-01-03', '2024-02-03', '바냐', '질병없음', 'Y', 6),
('AB00007', 'PE002', '2024-01-05', '2024-02-05', '야옹이', '슬개골', 'Y', 2),
('AB00008', 'PE002', '2024-01-06', '2024-02-06', 'qwer', '질병없음', 'N', 7),
('AB00009', 'PE001', '2024-01-06', '2024-02-06', '루루', '피부병', 'Y', 3),
('AB00010', 'PE002', '2024-01-06', '2024-02-06', '뽀삐', '질병없음', 'N', 1),
('AB00011', 'PE001', '2024-01-06', '2024-02-06', '냐냐', '허피스', 'Y', 2),
('AB00012', 'PE001', '2024-01-07', '2024-02-07', 'qwerty', '질병없음', 'Y', 4),
('AB00013', 'PE001', '2024-01-07', '2024-02-07', 'qwetqr', '피부병', 'Y', 3),
('AB00014', 'PE001', '2024-01-09', '2024-02-09', '댕댕이', '질병없음', 'Y', 5),
('AB00015', 'PE002', '2024-01-09', '2024-02-09', '나비', '눈병', 'Y', 6),
('AB00016', 'PE002', '2024-01-09', '2024-02-09', 'zxcv', '질병없음', 'N', 7),
('AB00017', 'PE001', '2024-01-10', '2024-02-10', '냐냐', '질병없음', 'N', 1),
('AB00018', 'PE002', '2024-01-11', '2024-02-11', '초롱이', '피부병', 'Y', 2),
('AB00019', 'PE001', '2024-01-12', '2024-02-12', 'cvz', '질병없음', 'N', 3),
('AB00020', 'PE001', '2024-01-13', '2024-02-13', '냐옹이', '눈병', 'N', 4),
('AB00021', 'PE002', '2024-01-13', '2024-02-13', 'cvs', '질병없음', 'Y', 3),
('AB00022', 'PE001', '2024-01-15', '2024-02-15', '뽀야', '심장병', 'N', 2),
('AB00023', 'PE001', '2024-01-16', '2024-02-16', 'zxc', '질병없음', 'Y', 1),
('AB00024', 'PE002', '2024-01-16', '2024-02-16', 'cxzv', '질병없음', 'N', 5),
('AB00025', 'PE001', '2024-01-16', '2024-02-16', 'zxcv', '피부병', 'Y', 4),
('AB00026', 'PE001', '2024-01-16', '2024-02-16', '바냐', '질병없음', 'N', 6),
('AB00027', 'PE001', '2024-01-17', '2024-02-17', '야옹이', '허피스', 'Y', 2),
('AB00028', 'PE002', '2024-01-19', '2024-02-19', '댕댕이', '질병없음', 'N', 7),
('AB00029', 'PE002', '2024-01-22', '2024-02-22', '초롱이', '피부병', 'N', 3),
('AB00030', 'PE002', '2024-01-23', '2024-02-23', 'zxcv', '질병없음', 'Y', 1);

-- adopt
INSERT INTO	adopt VALUES		
('AD00001', 'AB00001', '2024-01-04'),
('AD00002', 'AB00004', '2024-01-05'),
('AD00003', 'AB00007', '2024-01-06'),
('AD00004', 'AB00008', '2024-01-07'),
('AD00005', 'AB00010', '2024-01-10'),
('AD00006', 'AB00011', '2024-01-15'),
('AD00007', 'AB00014', '2024-01-19'),
('AD00008', 'AB00020', '2024-01-20'),
('AD00009', 'AB00029', '2024-01-24');

-- benefitmember
INSERT INTO BenefitMember VALUES 
('US000001', 'AD00001', '2024-01-25', 10),
('US000002', 'AD00002', '2024-01-26', 5),
('US000003', 'AD00003', '2024-01-27', 15),
('US000004', 'AD00004', '2024-01-28', 0),
('US000005', 'AD00005', '2024-01-29', 20);

-- adoptapplication
INSERT INTO AdoptApplication VALUES 
('US000001', 'AB00001', 'Y', 'N', 4, '2024-01-25', '2024-02-01'),
('US000002', 'AB00002', 'N', 'Y', 3, '2024-01-26', '2024-02-02'),
('US000003', 'AB00003', 'Y', 'Y', 2, '2024-01-27', '2024-02-03'),
('US000004', 'AB00004', 'N', 'N', 1, '2024-01-28', '2024-02-04'),
('US000005', 'AB00005', 'Y', 'N', 5, '2024-01-29', '2024-02-05'),
('US000006', 'AB00006', 'N', 'Y', 6, '2024-01-30', '2024-02-06'),
('US000007', 'AB00007', 'Y', 'Y', 7, '2024-01-31', '2024-02-07'),
('US000008', 'AB00008', 'N', 'N', 3, '2024-02-01', '2024-02-08'),
('US000009', 'AB00009', 'Y', 'N', 2, '2024-02-02', '2024-02-09'),
('US000010', 'AB00010', 'N', 'Y', 5, '2024-02-03', '2024-02-10'),
('US000011', 'AB00011', 'Y', 'N', 3, '2024-02-04', '2024-02-11'),
('US000012', 'AB00012', 'N', 'Y', 2, '2024-02-05', '2024-02-12'),
('US000013', 'AB00013', 'Y', 'Y', 2, '2024-02-06', '2024-02-13'),
('US000014', 'AB00014', 'N', 'N', 1, '2024-02-07', '2024-02-14'),
('US000015', 'AB00015', 'Y', 'N', 5, '2024-02-08', '2024-02-15');


-- ask
INSERT INTO	ask VALUES		
('AS00001', 'US000001', 'P0003', '토끼밥질문', '2024-01-01', '토끼가 먹어도 되나요?', '먹으면 안됩니다.', 'rabbit.url', '상품', 'N'),
('AS00002', 'US000004', 'P0006', '조류가 먹어도 되나요?', '2024-01-01', '제곧내', '조류용은 아니지만, 조류가 먹을 수 있습니다..', 'bird.url', '상품', 'N'),
('AS00003', 'US000005', 'P0008', '옷 사이즈', '2024-01-03', '뚱뚱한 고슴도치도 입을 수 있나요? 둘레 20CM입니다.', '스판기가 있으나 조금 어려울 수 있습니다.', 'gosum.url', '상품', 'Y'),
('AS00004', 'US000008', 'P0011', '배송질문', '2024-01-15', '고양이가 똥을 못싸고 있습니다. 시킨지 이틀째인데 언제 오나요?', '죄송합니다. 영업일 1일 이내에 배송될 예정입니다.', '', '배송', 'Y'),
('AS00005', 'US000009', 'P0001', '카카오페이', '2024-01-17', '카카오페이로 결제할 수 없나요?', '카카오페이는 서비스하고 있지 않습니다. 감사합니다.', '', '결제', 'Y'),
('AS00006', 'US000010', 'P0012', '고양이용', '2024-01-20', '고양이가 써도 되냐요?!?', '고양이용이 아닙니다', 'cat.url', '상품', 'N'),
('AS00007', 'US000013', 'P0002', '대형견도 사용', '2024-01-24', '대형견도 사용 가능한가요?? 사람만큼 큽니다', '초대형견까지 커버 가능한 사이즈입니다.', '', '상품', 'Y');

-- admin
INSERT INTO Admin VALUES 
('ADM001', 'adminpass01', '관리자1'),
('ADM002', 'adminpass02', '관리자2');


-- order
INSERT INTO `Order` VALUES
('O000001', 'US000001', '홍길동', '서울시 강남구', '01012335678', '2024-01-25', 12345, '배송 요청 사항 없음', '주문확인', 2, 10000, 'n', '카드결제'),
('O000002', 'US000002', '이순신', '서울시 서초구', '01023436789', '2024-01-26', 23456, '특별한 사항 없음', '발송대기', 1, 8000, 'y', '계좌이체'),
('O000003', 'US000003', '김유신', '서울시 용산구', '01034567890', '2024-01-27', 34567, '문 앞에 놔주세요', '배송중', 3, 18000, 'n', '무통장입금'),
('O000004', 'US000004', '안중근', '서울시 동대문구', '01045678901', '2024-01-28', 45678, '부재 시 연락주세요', '배송완료', 10, 90000, 'y', '카드결제'),
('O000005', 'US000005', '윤봉길', '서울시 서대문구', '01056789012', '2024-01-29', 56789, '도장 물어주실 분', '구매확정', 4, 20800, 'n', '무통장입금'),
('O000006', 'US000006', '강감찬', '서울시 종로구', '01067890123', '2024-01-30', 67890, '배송 전에 연락 바랍니다', '주문확인', 2, 16400, 'y', '소액결제'),
('O000007', 'US000007', '세종대왕', '서울시 중구', '01078901234', '2024-01-31', 78901, '배송 시간 조정 가능', '주문확인', 1, 9500, 'n', '무통장입금'),
('O000008', 'US000008', '신사임당', '서울시 영등포구', '01089012345', '2024-02-01', 89012, '배송 시 연락 주세요', '발송대기', 3, 70000, 'y', '계좌이체'),
('O000009', 'US000009', '허준', '서울시 마포구', '01090123456', '2024-02-02', 90123, '문 앞에 놔주세요', '배송중', 2, 36000, 'n', '무통장입금'),
('O000010', 'US000010', '유관순', '서울시 강동구', '01001234567', '2024-02-03', 12340, '부재 시 연락주세요', '배송완료', 5, 60000, 'y', '카드결제'),
('O000011', 'US000011', '김철수', '서울시 강서구', '01012341111', '2024-02-04', 23401, '도장 물어주실 분', '구매확정', 4, 21200, 'n', '무통장입금'),
('O000012', 'US000012', '이영희', '서울시 양천구', '01023451112', '2024-02-05', 34012, '배송 전에 연락 바랍니다', '주문확인', 2, 16800, 'y', '소액결제'),
('O000013', 'US000013', '박지성', '서울시 구로구', '01034561113', '2024-02-06', 45123, '배송 시간 조정 가능', '주문확인', 1, 6300, 'n', '무통장입금'),
('O000014', 'US000014', '최민석', '서울시 금천구', '01045671114', '2024-02-07', 56134, '배송 시 연락 주세요', '발송대기', 3, 15000, 'y', '계좌이체'),
('O000015', 'US000015', '정효진', '서울시 동작구', '01056781115', '2024-02-08', 67145, '문 앞에 놔주세요', '배송중', 2, 16000, 'n', '무통장입금');


-- orderdetail
INSERT INTO	orderdetail
VALUES		
('OD0000001', 'O000001', 'P0001'),
('OD0000002', 'O000002', 'P0002'),
('OD0000003', 'O000003', 'P0003'),
('OD0000004', 'O000004', 'P0005'),
('OD0000005', 'O000005', 'P0006'),
('OD0000006', 'O000006', 'P0007'),
('OD0000007', 'O000007', 'P0008'),
('OD0000008', 'O000008', 'P0009'),
('OD0000009', 'O000009', 'P0010'),
('OD0000010', 'O000010', 'P0011'),
('OD0000011', 'O000011', 'P0012'),
('OD0000012', 'O000012', 'P0013'),
('OD0000013', 'O000013', 'P0001'),
('OD0000014', 'O000014', 'P0002'),
('OD0000015', 'O000015', 'P0003');


-- review
INSERT INTO Review VALUES 
('R00001', 'P0001', 'US000001', '좋아요', '2024-01-25', '제품이 매우 만족스럽습니다. 성능이 좋고 디자인도 멋져요.', '제품에 대한 질문이 있어서 물어봤는데 친절하게 답변해주셔서 감사합니다.', 5, 'https://example.com/image1.jpg'),
('R00002', 'P0002', 'US000002', '좋아요', '2024-01-26', '매우 편리하고 유용한 제품입니다. 배송도 빠르게 왔어요.', '또 구매하고 싶어지는 제품이에요.', 4, 'https://example.com/image2.jpg'),
('R00003', 'P0003', 'US000003', '만족해요', '2024-01-27', '가격대비 아주 좋은 제품이에요. 다음에 또 구매할 것 같아요.', '리뷰에 대한 답변이 없어서 아쉽습니다.', 4, 'https://example.com/image3.jpg'),
('R00005', 'P0005', 'US000005', '추천합니다', '2024-01-29', '정말 좋은 제품이에요. 성능, 디자인, 가격 모두 만족스럽습니다.', '다른 제품과 비교해서 가성비가 좋은 편이에요.', 5, 'https://example.com/image5.jpg'),
('R00006', 'P0006', 'US000006', '좋아요', '2024-01-30', '구매한 제품이 생각보다 좋아서 놀랐어요. 강추합니다.', '리뷰에 댓글이 달리지 않아서 조금 아쉽네요.', 4, 'https://example.com/image6.jpg'),
('R00007', 'P0007', 'US000007', '만족해요', '2024-01-31', '사용하면서 전혀 불편함이 없어서 만족합니다. 배송도 빠르게 왔어요.', '감사합니다. 다음에 또 이용할게요.', 4, 'https://example.com/image7.jpg'),
('R00008', 'P0008', 'US000008', '괜찮아요', '2024-02-01', '디자인이 매우 예뻐서 선택했어요. 성능은 중상향 정도입니다.', '배송 중에 문제가 있었는데 빠르게 해결해주셨습니다.', 3, 'https://example.com/image8.jpg'),
('R00009', 'P0009', 'US000009', '추천합니다', '2024-02-02', '가격도 적당하고 성능도 좋아서 만족합니다. 추천해요.', '댓글에 대한 알림 기능이 있으면 좋겠어요.', 5, 'https://example.com/image9.jpg'),
('R00010', 'P0010', 'US000010', '좋아요', '2024-02-03', '구매한 제품이 기대 이상이었습니다. 만족합니다.', '사용법이 좀 더 자세하게 나와있으면 좋겠어요.', 4, 'https://example.com/image10.jpg'),
('R00011', 'P0011', 'US000011', '만족해요', '2024-02-04', '가격이 싸고 성능도 괜찮아서 만족합니다.', '댓글에 대한 답변이 없어서 아쉽습니다.', 4, 'https://example.com/image11.jpg'),
('R00012', 'P0012', 'US000012', '괜찮아요', '2024-02-05', '설치도 간편하고 성능도 나쁘지 않아서 괜찮아요.', '리뷰에 더 많은 사진이 있으면 좋겠어요.', 3, 'https://example.com/image12.jpg'),
('R00013', 'P0013', 'US000013', '추천합니다', '2024-02-06', '제품에 대한 설명이 잘 되어있어서 쉽게 사용할 수 있었습니다. 추천합니다.', '다음에도 이용하고 싶어요.', 5, 'https://example.com/image13.jpg'),
('R00014', 'P0013', 'US000014', '좋아요', '2024-02-07', '제품이 예상보다 훨씬 좋아서 만족합니다. 디자인도 마음에 들어요.', '댓글에 대한 알림이 있으면 좋겠어요.', 4, 'https://example.com/image14.jpg');


-- basket
INSERT INTO basket 
VALUES		
('B00001', 'US000001','P0001', 2),
('B00002', 'US000002','P0002', 1),
('B00003', 'US000003','P0003', 3),
('B00004', 'US000004','P0005', 10),
('B00005', 'US000005','P0006', 4),
('B00006', 'US000006','P0007', 2),
('B00007', 'US000007','P0008', 1),
('B00008', 'US000008','P0009', 3),
('B00009', 'US000009','P0010', 2),
('B00010', 'US000010','P0011', 5),
('B00011', 'US000011','P0012', 4),
('B00012', 'US000012','P0013', 2),
('B00013', 'US000013','P0001', 1),
('B00014', 'US000014','P0002', 3),
('B00015', 'US000015','P0003', 2);


-- productdetail
INSERT INTO productdetail 
VALUES ('P0001', 100, '2024-04-25', '2024-01-25'),
		 ('P0002', 50, '2024-05-26', '2024-01-26'),
		 ('P0003', 80, '2024-06-27', '2024-01-27'),
		 ('P0005', 90, '2024-08-29', '2024-01-29'),
		 ('P0006', 60, '2024-09-30', '2024-01-30'),
		 ('P0007', 70, '2024-10-31', '2024-01-31'),
 		 ('P0008', 110, '2024-11-01', '2024-02-01'),
		 ('P0009', 95, '2024-12-02', '2024-02-02'),
		 ('P0010', 75, '2025-01-03', '2024-02-03'),
		 ('P0011', 85, '2025-02-04', '2024-02-04'),
		 ('P0012', 65, '2025-03-05', '2024-02-05'),
		 ('P0013', 55, '2025-04-06', '2024-02-06');
		 
		 
-- wish
INSERT INTO wish 
VALUES ('US000001', 'P0001'),
		 ('US000001', 'P0003'),
		 ('US000001', 'P0005'),
		 ('US000002', 'P0002'),
		 ('US000002', 'P0006'),
		 ('US000003', 'P0007'),
		 ('US000003', 'P0009'),
		 ('US000003', 'P0011'),
		 ('US000004', 'P0008'),
		 ('US000004', 'P0010'),
		 ('US000004', 'P0012'),
		 ('US000005', 'P0013');





